Starosna dob;Spol;Korištenje društvenih mreža;Vrijeme provedeno;Broj društvenih mreža;Najčešće korištena društvena mreža;Ocjena emocionalnog stanja ;Ocjena samopouzdanja;Promjene raspoloženja;Količina stresa;Online nasilje;Odlaganje obaveza;Razgovor o mentalnom zdravlju
30;Žensko;Svakodnevno;Između 2-3h;2;Instagram;Pozitivno;5;2;3;Ne;Ne;Ponekad
20;Muško;Svakodnevno;Između 1h-2h;4;WhatsApp;Pozitivno;1;5;1;Ne;Ne;Veoma malo razgovaram
20;Muško;Svakodnevno;Između 1h-2h;3;WhatsApp;Neutralno;2;3;3;Da;Da;Ponekad
20;Žensko;Svakodnevno;3h i više ;3;Instagram;Neutralno;4;3;5;Ne;Da;Veoma malo razgovaram
22;Muško;Svakodnevno;Između 1h-2h;2;Aplikacije za edukativne svrhe;Neutralno;1;5;5;Da;Da;Ponekad
20;Muško;Svakodnevno;3h i više ;4;Instagram;Neutralno;3;4;5;Da;Da;Veoma malo razgovaram
20;Žensko;Svakodnevno;3h i više ;4;Instagram;Neutralno;3;4;3;Ne;Da;Veoma malo razgovaram
20;Žensko;Svakodnevno;3h i više ;4;WhatsApp;Negativno;2;5;3;Ne;Da;Često razgovaram 
21;Žensko;Svakodnevno;3h i više ;2;Instagram;Neutralno;3;1;5;Da;Da;Ponekad
20;Žensko;Svakodnevno;3h i više ;3;Instagram;Neutralno;3;3;3;Da;Ne;Često razgovaram 
19;Žensko;Svakodnevno;3h i više ;4;Instagram;Pozitivno;3;4;3;Da;Da;Često razgovaram 
21;Žensko;Svakodnevno;Između 1h-2h;3;Instagram;Neutralno;3;4;3;Ne;Da;Veoma malo razgovaram
20;Žensko;Svakodnevno;3h i više ;4;Instagram;Neutralno;3;3;2;Ne;Da;Često razgovaram 
18;Žensko;Svakodnevno;3h i više ;4;Instagram;Neutralno;3;4;4;Ne;Da;Veoma malo razgovaram
21;Žensko;Svakodnevno;Između 2-3h;3;Instagram;Pozitivno;4;2;3;Da;Ne;Ponekad
19;Žensko;Svakodnevno;Između 2-3h;4;Instagram;Neutralno;1;3;1;Da;Ne;Razgovaram u velikoj mjeri 
21;Žensko;Svakodnevno;Između 2-3h;3;Instagram;Neutralno;4;3;3;Da;Ne;Ponekad
19;Žensko;Svakodnevno;3h i više ;3;Instagram;Negativno;5;5;5;Ne;Da;Ne razgovaram uopšte
18;Žensko;Svakodnevno;Između 2-3h;4;Instagram;Neutralno;2;2;4;Da;Da;Ponekad
20;Žensko;Svakodnevno;3h i više ;4;WhatsApp;Neutralno;1;1;1;Ne;Ne;Ponekad
19;Žensko;Svakodnevno;Između 1h-2h;2;Instagram;Neutralno;3;3;2;Da;Ne;Veoma malo razgovaram
21;Žensko;Svakodnevno;Između 1h-2h;4;WhatsApp;Neutralno;3;2;2;Ne;Da;Ponekad
18;Žensko;Svakodnevno;3h i više ;4;Instagram;Negativno;4;4;5;Da;Da;Često razgovaram 
18;Žensko;Svakodnevno;3h i više ;4;Instagram;Neutralno;5;3;5;Da;Da;Ne razgovaram uopšte
15;Žensko;Rijetko ;Između 1h-2h;2;Instagram;Neutralno;1;1;2;Ne;Ne;Veoma malo razgovaram
21;Žensko;Svakodnevno;3h i više ;2;Instagram;Negativno;5;5;3;Da;Da;Ponekad
19;Žensko;Svakodnevno;Između 1h-2h;4;Instagram;Neutralno;2;1;2;Ne;Ne;Ponekad
21;Žensko;Svakodnevno;3h i više ;3;Instagram;Neutralno;4;4;5;Da;Da;Često razgovaram 
18;Muško;Svakodnevno;Između 1h-2h;3;Instagram;Negativno;3;3;3;Da;Ne;Ne razgovaram uopšte
22;Žensko;Svakodnevno;3h i više ;4;Instagram;Neutralno;2;2;3;Da;Da;Veoma malo razgovaram
21;Žensko;Svakodnevno;Između 1h-2h;3;Instagram;Neutralno;3;5;3;Da;Da;Ponekad
20;Muško;Svakodnevno;3h i više ;3;Aplikacije za edukativne svrhe;Neutralno;4;2;2;Ne;Da;Ne razgovaram uopšte
27;Muško;Svakodnevno;Između 1h-2h;1;Instagram;Neutralno;1;3;1;Da;Ne;Ponekad
21;Žensko;Svakodnevno;3h i više ;3;Instagram;Neutralno;2;3;4;Da;Ne;Ponekad
19;Muško;Svakodnevno;3h i više ;2;Instagram;Neutralno;2;4;4;Ne;Ne;Veoma malo razgovaram
32;Žensko;Svakodnevno;Između 2-3h;4;Instagram;Neutralno;1;3;3;Ne;Da;Ponekad
15;Muško;Svakodnevno;3h i više ;4;Instagram;Pozitivno;1;3;3;Ne;Da;Ponekad
12;Žensko;Svakodnevno;Između 1h-2h;3;Instagram;Neutralno;1;3;3;Ne;Ne;Često razgovaram 
19;Žensko;Svakodnevno;Između 2-3h;3;Instagram;Neutralno;2;4;2;Da;Da;Ponekad
13;Žensko;Svakodnevno;3h i više ;4;Twitter;Pozitivno;4;1;4;Ne;Ne;Veoma malo razgovaram
12;Žensko;Svakodnevno;Između 1h-2h;4;Snapchat;Neutralno;3;3;3;Ne;Ne;Često razgovaram 
20;Žensko;Svakodnevno;3h i više ;4;Instagram;Negativno;4;4;3;Da;Da;Ponekad
21;Žensko;Svakodnevno;Između 2-3h;4;Instagram;Pozitivno;4;2;3;Da;Ne;Često razgovaram 
20;Žensko;Svakodnevno;3h i više ;4;WhatsApp;Neutralno;1;1;2;Da;Da;Ponekad
20;Žensko;Rijetko ;Manje od 1h;1;Facebook;Pozitivno;3;5;3;Ne;Ne;Razgovaram u velikoj mjeri 
22;Muško;Svakodnevno;3h i više ;3;Instagram;Neutralno;3;2;3;Da;Ne;Ponekad
20;Žensko;Svakodnevno;Između 2-3h;4;Instagram;Neutralno;3;2;5;Ne;Da;Ne razgovaram uopšte
20;Žensko;Svakodnevno;Između 2-3h;3;Instagram;Neutralno;4;3;3;Da;Ne;Ponekad
16;Žensko;Svakodnevno;3h i više ;3;Instagram;Negativno;5;4;3;Da;Ne;Ponekad
19;Žensko;Svakodnevno;3h i više ;4;Instagram;Neutralno;3;5;5;Da;Da;Često razgovaram 
18;Žensko;Svakodnevno;3h i više ;3;Instagram;Neutralno;3;4;5;Da;Da;Veoma malo razgovaram
20;Muško;Svakodnevno;3h i više ;2;WhatsApp;Pozitivno;1;4;1;Ne;Da;Ne razgovaram uopšte
19;Žensko;Svakodnevno;3h i više ;4;Instagram;Neutralno;3;3;3;Da;Da;Ponekad
19;Žensko;Svakodnevno;3h i više ;4;Instagram;Neutralno;4;4;3;Ne;Da;Ponekad
20;Muško;Svakodnevno;Između 2-3h;2;WhatsApp;Pozitivno;4;1;2;Ne;Ne;Veoma malo razgovaram
19;Žensko;Svakodnevno;3h i više ;4;Instagram;Neutralno;1;3;3;Da;Da;Razgovaram u velikoj mjeri 
20;Muško;Svakodnevno;Između 1h-2h;4;Instagram;Pozitivno;2;1;3;Da;Ne;Veoma malo razgovaram
20;Žensko;Svakodnevno;Između 2-3h;4;WhatsApp;Pozitivno;3;3;2;Da;Ne;Ne razgovaram uopšte
19;Muško;Svakodnevno;Između 2-3h;2;Instagram;Neutralno;5;1;1;Da;Ne;Ponekad
20;Muško;Svakodnevno;Manje od 1h;1;WhatsApp;Neutralno;3;2;3;Da;Da;Ne razgovaram uopšte
16;Žensko;Svakodnevno;3h i više ;3;Instagram;Neutralno;5;2;2;Ne;Da;Ponekad
20;Muško;Svakodnevno;Manje od 1h;2;Instagram;Neutralno;2;1;4;Ne;Ne;Veoma malo razgovaram
20;Žensko;Svakodnevno;3h i više ;4;Instagram;Pozitivno;3;3;2;Da;Da;Veoma malo razgovaram
19;Muško;Svakodnevno;3h i više ;3;Instagram;Pozitivno;1;2;3;Da;Ne;Ponekad
21;Žensko;Svakodnevno;Između 2-3h;3;Instagram;Pozitivno;4;1;3;Ne;Ne;Često razgovaram 
17;Muško;Svakodnevno;3h i više ;4;Instagram;Neutralno;3;5;3;Da;Da;Ponekad
43;Žensko;Svakodnevno;3h i više ;2;Instagram;Neutralno;1;3;3;Ne;Da;Često razgovaram 
49;Žensko;Nekoliko puta sedmično;Između 2-3h;2;Instagram;Neutralno;1;3;1;Da;Da;Ponekad
57;Žensko;Svakodnevno;Između 2-3h;4;Facebook;Pozitivno;1;3;4;Ne;Ne;Ponekad
19;Žensko;Svakodnevno;3h i više ;4;Instagram;Neutralno;3;4;5;Da;Da;Ponekad
45;Žensko;Svakodnevno;Između 2-3h;4;Instagram;Pozitivno;5;4;4;Da;Ne;Razgovaram u velikoj mjeri 
43;Žensko;Svakodnevno;Između 1h-2h;2;Instagram;Neutralno;2;2;4;Ne;Da;Ponekad
19;Žensko;Svakodnevno;Između 2-3h;2;Instagram;Neutralno;2;4;3;Da;Da;Ponekad
45;Muško;Svakodnevno;Između 1h-2h;3;Instagram;Pozitivno;3;3;4;Da;Da;Veoma malo razgovaram
19;Žensko;Svakodnevno;3h i više ;3;Instagram;Neutralno;3;4;3;Ne;Da;Ne razgovaram uopšte
75;Muško;Rijetko ;3h i više ;4;Snapchat;Negativno;1;1;5;Da;Da;Ne razgovaram uopšte
20;Žensko;Svakodnevno;3h i više ;3;Instagram;Neutralno;4;3;5;Ne;Da;Ponekad
19;Muško;Svakodnevno;3h i više ;4;Instagram;Negativno;2;2;5;Da;Da;Ponekad
20;Žensko;Svakodnevno;Između 2-3h;3;WhatsApp;Neutralno;2;4;3;Da;Da;Ponekad
20;Žensko;Svakodnevno;3h i više ;3;Instagram;Negativno;3;5;5;Da;Da;Veoma malo razgovaram
22;Žensko;Svakodnevno;3h i više ;3;WhatsApp;Neutralno;2;2;5;Ne;Da;Veoma malo razgovaram
20;Muško;Svakodnevno;Između 1h-2h;4;Instagram;Neutralno;3;4;3;Da;Da;Ne razgovaram uopšte
20;Žensko;Svakodnevno;Između 2-3h;3;Instagram;Neutralno;2;2;2;Da;Da;Ponekad
20;Žensko;Svakodnevno;Između 2-3h;4;Instagram;Neutralno;3;2;3;Da;Da;Ponekad
19;Muško;Svakodnevno;Između 1h-2h;2;Aplikacije za edukativne svrhe;Neutralno;1;1;1;Ne;Ne;Ne razgovaram uopšte
20;Žensko;Svakodnevno;Između 2-3h;4;Instagram;Neutralno;1;3;3;Da;Ne;Često razgovaram 
20;Muško;Svakodnevno;Između 1h-2h;3;Instagram;Neutralno;2;2;4;Ne;Da;Ponekad
20;Žensko;Svakodnevno;3h i više ;3;Instagram;Neutralno;4;3;5;Ne;Da;Veoma malo razgovaram
20;Muško;Svakodnevno;3h i više ;3;Instagram;Neutralno;1;3;2;Ne;Ne;Često razgovaram 
19;Muško;Svakodnevno;3h i više ;4;Instagram;Negativno;1;1;5;Da;Da;Ne razgovaram uopšte
14;Muško;Svakodnevno;3h i više ;4;Instagram;Neutralno;4;3;2;Da;Da;Veoma malo razgovaram
20;Muško;Svakodnevno;Između 1h-2h;4;Instagram;Neutralno;1;1;1;Da;Ne;Ne razgovaram uopšte
20;Žensko;Svakodnevno;Između 1h-2h;3;Instagram;Neutralno;2;4;5;Da;Da;Ponekad
20;Žensko;Svakodnevno;3h i više ;4;Instagram;Neutralno;4;4;5;Da;Da;Ponekad
45;Žensko;Rijetko ;Manje od 1h;1;Aplikacije za edukativne svrhe;Negativno;3;3;3;Da;Ne;Razgovaram u velikoj mjeri 
32;Žensko;Svakodnevno;3h i više ;2;Instagram;Neutralno;1;5;2;Ne;Da;Često razgovaram 
21;Muško;Svakodnevno;3h i više ;4;Instagram;Negativno;3;5;1;Ne;Da;Ne razgovaram uopšte
19;Muško;Svakodnevno;Između 1h-2h;3;Instagram;Pozitivno;1;3;2;Ne;Da;Često razgovaram 
20;Žensko;Svakodnevno;Manje od 1h;3;Instagram;Negativno;5;5;3;Da;Da;Razgovaram u velikoj mjeri 
22;Žensko;Svakodnevno;Između 2-3h;3;WhatsApp;Neutralno;2;5;3;Ne;Ne;Veoma malo razgovaram
20;Žensko;Svakodnevno;3h i više ;4;Facebook;Neutralno;3;5;3;Da;Da;Ponekad
20;Muško;Svakodnevno;Između 1h-2h;2;Facebook;Negativno;2;5;3;Ne;Ne;Veoma malo razgovaram
19;Muško;Svakodnevno;Između 1h-2h;2;Instagram;Negativno;3;4;4;Ne;Da;Veoma malo razgovaram
20;Žensko;Svakodnevno;Između 2-3h;3;WhatsApp;Negativno;3;5;4;Da;Da;Ponekad
19;Muško;Svakodnevno;3h i više ;4;WhatsApp;Pozitivno;3;1;5;Da;Ne;Često razgovaram 
19;Žensko;Svakodnevno;3h i više ;1;Instagram;Negativno;3;4;4;Da;Da;Često razgovaram 
20;Žensko;Svakodnevno;3h i više ;2;Instagram;Negativno;4;4;3;Da;Da;Ne razgovaram uopšte
21;Muško;Svakodnevno;Između 2-3h;2;Instagram;Neutralno;4;4;3;Ne;Ne;Ponekad
22;Žensko;Svakodnevno;3h i više ;4;WhatsApp;Neutralno;3;5;3;Da;Ne;Ponekad
18;Muško;Svakodnevno;Između 2-3h;4;Instagram;Pozitivno;5;1;1;Ne;Ne;Ne razgovaram uopšte
20;Muško;Svakodnevno;3h i više ;3;Instagram;Negativno;4;3;5;Da;Ne;Ponekad
19;Žensko;Svakodnevno;Između 2-3h;3;Instagram;Negativno;1;3;3;Ne;Da;Često razgovaram 
21;Žensko;Svakodnevno;3h i više ;2;Instagram;Neutralno;4;5;2;Da;Ne;Često razgovaram 
21;Muško;Svakodnevno;3h i više ;4;Instagram;Neutralno;3;4;4;Da;Da;Ne razgovaram uopšte
16;Žensko;Svakodnevno;3h i više ;3;Instagram;Pozitivno;3;1;1;Ne;Ne;Ponekad
20;Muško;Svakodnevno;3h i više ;2;Instagram;Negativno;3;5;4;Ne;Da;Ne razgovaram uopšte
21;Muško;Svakodnevno;Između 2-3h;4;WhatsApp;Neutralno;2;2;4;Da;Da;Veoma malo razgovaram
20;Žensko;Svakodnevno;Između 1h-2h;4;Aplikacije za edukativne svrhe;Pozitivno;3;4;5;Da;Da;Ponekad
20;Muško;Rijetko ;Manje od 1h;1;Aplikacije za edukativne svrhe;Neutralno;1;1;1;Da;Ne;Ne razgovaram uopšte
23;Žensko;Rijetko ;Manje od 1h;1;Instagram;Negativno;3;3;3;Da;Ne;Ne razgovaram uopšte
17;Žensko;Svakodnevno;Između 2-3h;4;Instagram;Neutralno;1;1;2;Ne;Ne;Razgovaram u velikoj mjeri 
20;Žensko;Svakodnevno;Između 2-3h;4;WhatsApp;Neutralno;2;1;2;Da;Ne;Često razgovaram 
19;Žensko;Svakodnevno;Između 1h-2h;2;Instagram;Neutralno;3;3;4;Da;Da;Veoma malo razgovaram
19;Žensko;Svakodnevno;3h i više ;4;Instagram;Neutralno;2;4;3;Da;Ne;Razgovaram u velikoj mjeri 
19;Muško;Svakodnevno;Između 1h-2h;3;Aplikacije za edukativne svrhe;Neutralno;1;1;2;Ne;Ne;Veoma malo razgovaram
19;Muško;Svakodnevno;Između 1h-2h;3;Instagram;Neutralno;4;3;5;Da;Da;Ne razgovaram uopšte
22;Žensko;Svakodnevno;Između 1h-2h;3;Instagram;Neutralno;3;2;3;Da;Ne;Ponekad
29;Žensko;Svakodnevno;3h i više ;4;Facebook;Neutralno;1;1;2;Ne;Ne;Često razgovaram 
19;Žensko;Svakodnevno;3h i više ;4;WhatsApp;Pozitivno;3;2;4;Da;Da;Ponekad
20;Žensko;Svakodnevno;Između 1h-2h;3;WhatsApp;Neutralno;1;2;2;Da;Da;Često razgovaram 
26;Žensko;Svakodnevno;Između 2-3h;2;Facebook;Neutralno;5;4;2;Da;Da;Ponekad
20;Muško;Svakodnevno;Između 1h-2h;3;Instagram;Pozitivno;2;4;3;Da;Da;Često razgovaram 
19;Žensko;Svakodnevno;Između 1h-2h;2;Instagram;Neutralno;2;3;3;Ne;Da;Veoma malo razgovaram
19;Muško;Svakodnevno;3h i više ;3;Instagram;Neutralno;1;1;4;Ne;Da;Ponekad
19;Muško;Svakodnevno;Između 2-3h;2;Instagram;Neutralno;4;2;3;Ne;Da;Veoma malo razgovaram
20;Žensko;Svakodnevno;3h i više ;4;Instagram;Pozitivno;3;2;2;Ne;Da;Veoma malo razgovaram
20;Muško;Svakodnevno;Između 1h-2h;4;Instagram;Neutralno;4;3;1;Ne;Ne;Ne razgovaram uopšte
20;Žensko;Svakodnevno;Između 2-3h;4;Instagram;Neutralno;2;3;2;Da;Da;Često razgovaram 
20;Žensko;Svakodnevno;Između 1h-2h;4;Instagram;Pozitivno;1;1;5;Da;Ne;Ne razgovaram uopšte
19;Žensko;Svakodnevno;3h i više ;2;Instagram;Neutralno;2;1;3;Ne;Ne;Ne razgovaram uopšte
22;Žensko;Svakodnevno;Između 1h-2h;3;Instagram;Neutralno;3;3;5;Da;Da;Veoma malo razgovaram
20;Muško;Svakodnevno;Manje od 1h;2;Instagram;Neutralno;1;1;3;Ne;Ne;Ne razgovaram uopšte
19;Muško;Svakodnevno;Između 1h-2h;2;Instagram;Negativno;2;4;4;Da;Da;Ponekad
20;Žensko;Svakodnevno;Između 2-3h;3;WhatsApp;Neutralno;1;1;3;Ne;Ne;Često razgovaram 
20;Žensko;Svakodnevno;3h i više ;4;WhatsApp;Neutralno;3;1;3;Da;Da;Ponekad
22;Žensko;Svakodnevno;Manje od 1h;4;WhatsApp;Neutralno;1;3;3;Da;Ne;Ponekad
30;Žensko;Svakodnevno;Između 2-3h;2;Instagram;Neutralno;1;1;4;Ne;Ne;Ponekad
20;Žensko;Svakodnevno;3h i više ;2;Instagram;Negativno;5;5;4;Da;Da;Ponekad
20;Žensko;Svakodnevno;Između 2-3h;3;Instagram;Neutralno;3;3;4;Ne;Da;Veoma malo razgovaram
19;Žensko;Svakodnevno;Između 2-3h;1;Instagram;Neutralno;4;5;4;Da;Da;Ponekad
19;Žensko;Svakodnevno;Između 2-3h;3;WhatsApp;Negativno;3;5;4;Da;Da;Ponekad
20;Muško;Svakodnevno;Između 2-3h;4;Instagram;Neutralno;1;1;4;Da;Ne;Ne razgovaram uopšte
20;Muško;Svakodnevno;Između 2-3h;4;Instagram;Neutralno;3;1;4;Da;Da;Veoma malo razgovaram
20;Žensko;Svakodnevno;Između 1h-2h;3;Instagram;Neutralno;3;3;2;Da;Ne;Često razgovaram 
19;Žensko;Nekoliko puta sedmično;Između 1h-2h;3;WhatsApp;Negativno;2;4;5;Ne;Da;Ponekad
20;Žensko;Svakodnevno;3h i više ;4;Instagram;Pozitivno;4;3;4;Da;Da;Ponekad
33;Žensko;Svakodnevno;Između 2-3h;2;Instagram;Neutralno;3;5;5;Da;Ne;Često razgovaram 
19;Žensko;Svakodnevno;Između 2-3h;1;Instagram;Negativno;3;4;3;Da;Da;Često razgovaram 
19;Žensko;Svakodnevno;Između 2-3h;4;Instagram;Neutralno;2;3;3;Da;Ne;Veoma malo razgovaram
19;Žensko;Svakodnevno;Između 2-3h;4;Instagram;Neutralno;2;3;3;Da;Ne;Veoma malo razgovaram
20;Muško;Svakodnevno;3h i više ;3;Instagram;Neutralno;2;4;4;Da;Da;Veoma malo razgovaram
19;Žensko;Svakodnevno;Između 2-3h;3;Instagram;Neutralno;2;1;2;Da;Ne;Često razgovaram 
19;Žensko;Svakodnevno;Između 2-3h;4;Instagram;Neutralno;3;3;4;Da;Da;Ponekad
40;Žensko;Nekoliko puta sedmično;Manje od 1h;2;Facebook;Neutralno;1;1;4;Da;Ne;Ponekad
20;Muško;Svakodnevno;Između 2-3h;3;Instagram;Neutralno;1;3;3;Da;Da;Ne razgovaram uopšte
20;Žensko;Svakodnevno;Između 2-3h;4;Instagram;Neutralno;1;5;3;Da;Da;Ne razgovaram uopšte
33;Žensko;Svakodnevno;3h i više ;4;Facebook;Neutralno;1;3;3;Ne;Da;Razgovaram u velikoj mjeri 
21;Muško;Svakodnevno;Između 2-3h;2;Instagram;Neutralno;1;2;2;Ne;Ne;Ponekad
20;Žensko;Svakodnevno;Između 1h-2h;2;Instagram;Neutralno;2;3;4;Ne;Da;Ne razgovaram uopšte
19;Muško;Svakodnevno;Između 1h-2h;3;Facebook;Neutralno;2;2;2;Da;Da;Često razgovaram 
21;Muško;Svakodnevno;Između 1h-2h;2;Instagram;Neutralno;1;1;5;Ne;Ne;Ne razgovaram uopšte
17;Žensko;Svakodnevno;3h i više ;2;WhatsApp;Pozitivno;1;1;4;Ne;Da;Ponekad
20;Muško;Svakodnevno;3h i više ;2;Instagram;Negativno;3;2;3;Da;Da;Ponekad
20;Muško;Rijetko ;Manje od 1h;1;Facebook;Pozitivno;5;1;1;Ne;Da;Ne razgovaram uopšte
20;Žensko;Svakodnevno;Između 2-3h;3;Instagram;Neutralno;4;3;3;Ne;Da;Ponekad
20;Muško;Svakodnevno;Između 1h-2h;2;Aplikacije za edukativne svrhe;Neutralno;1;1;3;Ne;Da;Ne razgovaram uopšte
19;Muško;Svakodnevno;Između 1h-2h;1;Instagram;Pozitivno;1;1;3;Ne;Ne;Ne razgovaram uopšte
20;Muško;Svakodnevno;3h i više ;4;Instagram;Neutralno;3;3;4;Ne;Da;Ponekad
20;Muško;Svakodnevno;Između 1h-2h;4;Instagram;Neutralno;3;4;4;Da;Da;Ponekad
19;Muško;Svakodnevno;3h i više ;3;Instagram;Neutralno;4;1;3;Da;Da;Ne razgovaram uopšte
19;Žensko;Svakodnevno;3h i više ;3;Instagram;Neutralno;2;1;3;Ne;Ne;Ne razgovaram uopšte
19;Muško;Svakodnevno;3h i više ;2;Facebook;Neutralno;3;3;3;Da;Da;Veoma malo razgovaram
21;Žensko;Svakodnevno;Između 2-3h;4;Instagram;Neutralno;3;5;2;Da;Da;Veoma malo razgovaram
18;Žensko;Svakodnevno;Između 2-3h;3;Instagram;Neutralno;3;5;3;Da;Da;Ponekad
20;Žensko;Rijetko ;Manje od 1h;1;Aplikacije za edukativne svrhe;Neutralno;1;3;2;Da;Ne;Često razgovaram 
20;Žensko;Svakodnevno;Između 2-3h;4;Instagram;Neutralno;3;4;4;Da;Ne;Često razgovaram 
20;Žensko;Svakodnevno;3h i više ;3;Instagram;Neutralno;3;3;5;Ne;Da;Veoma malo razgovaram
18;Muško;Svakodnevno;3h i više ;4;WhatsApp;Pozitivno;2;2;1;Da;Da;Često razgovaram 
20;Žensko;Svakodnevno;Između 2-3h;4;WhatsApp;Neutralno;3;3;2;Da;Da;Veoma malo razgovaram
20;Žensko;Svakodnevno;3h i više ;4;WhatsApp;Neutralno;4;2;5;Da;Da;Često razgovaram 
20;Muško;Svakodnevno;Između 2-3h;3;Instagram;Neutralno;3;4;2;Da;Ne;Veoma malo razgovaram
20;Žensko;Svakodnevno;Između 2-3h;3;Instagram;Neutralno;3;4;3;Da;Da;Veoma malo razgovaram
46;Žensko;Svakodnevno;Između 2-3h;2;Instagram;Neutralno;2;2;5;Da;Da;Ponekad
20;Žensko;Svakodnevno;Između 1h-2h;4;Instagram;Neutralno;2;1;3;Da;Ne;Ponekad
22;Žensko;Svakodnevno;Između 2-3h;4;Instagram;Negativno;2;3;3;Da;Da;Veoma malo razgovaram
19;Žensko;Svakodnevno;Između 2-3h;3;Instagram;Neutralno;2;3;3;Da;Ne;Često razgovaram 
20;Žensko;Svakodnevno;3h i više ;3;WhatsApp;Neutralno;2;5;4;Da;Da;Veoma malo razgovaram
20;Žensko;Svakodnevno;Između 2-3h;4;WhatsApp;Neutralno;2;3;3;Da;Da;Često razgovaram 
20;Žensko;Svakodnevno;3h i više ;3;Instagram;Negativno;3;3;1;Ne;Da;Ponekad
48;Žensko;Nekoliko puta sedmično;Manje od 1h;1;Instagram;Neutralno;3;3;2;Ne;Da;Razgovaram u velikoj mjeri 
20;Muško;Svakodnevno;Manje od 1h;2;Instagram;Neutralno;3;1;2;Ne;Da;Ponekad
19;Žensko;Svakodnevno;Između 2-3h;3;Instagram;Neutralno;3;5;4;Da;Da;Ponekad
20;Žensko;Svakodnevno;Između 2-3h;4;WhatsApp;Neutralno;2;1;2;Ne;Ne;Često razgovaram 
20;Muško;Svakodnevno;Između 1h-2h;3;Instagram;Neutralno;4;1;1;Da;Ne;Ne razgovaram uopšte
20;Žensko;Svakodnevno;Između 2-3h;4;Instagram;Pozitivno;3;1;1;Ne;Da;Ne razgovaram uopšte
33;Muško;Svakodnevno;Između 2-3h;3;WhatsApp;Neutralno;2;3;4;Ne;Ne;Veoma malo razgovaram
42;Žensko;Svakodnevno;Između 1h-2h;2;Facebook;Neutralno;1;4;4;Da;Ne;Ponekad
20;Žensko;Svakodnevno;3h i više ;4;Instagram;Neutralno;3;4;4;Da;Da;Ponekad
38;Žensko;Svakodnevno;Između 1h-2h;4;WhatsApp;Pozitivno;1;5;5;Da;Da;Ne razgovaram uopšte
40;Muško;Nekoliko puta sedmično;Manje od 1h;2;Facebook;Negativno;2;2;5;Ne;Ne;Često razgovaram 
19;Žensko;Svakodnevno;3h i više ;3;Instagram;Neutralno;3;5;5;Ne;Da;Veoma malo razgovaram
20;Muško;Svakodnevno;Između 2-3h;3;Instagram;Neutralno;2;3;2;Ne;Da;Ponekad
19;Žensko;Svakodnevno;3h i više ;4;Instagram;Neutralno;2;1;3;Ne;Ne;Veoma malo razgovaram
20;Muško;Svakodnevno;3h i više ;2;Instagram;Neutralno;2;3;2;Ne;Ne;Ponekad
42;Žensko;Svakodnevno;3h i više ;2;Instagram;Neutralno;1;2;3;Da;Da;Često razgovaram 
20;Žensko;Svakodnevno;3h i više ;4;Instagram;Pozitivno;3;3;2;Da;Da;Veoma malo razgovaram
20;Žensko;Svakodnevno;Između 2-3h;4;Instagram;Neutralno;2;2;2;Da;Da;Često razgovaram 
69;Žensko;Rijetko ;Manje od 1h;2;Instagram;Neutralno;1;1;1;Da;Ne;Ne razgovaram uopšte
34;Žensko;Svakodnevno;Manje od 1h;3;WhatsApp;Neutralno;1;1;3;Da;Ne;Ponekad
20;Muško;Svakodnevno;3h i više ;3;Instagram;Neutralno;2;4;4;Da;Da;Veoma malo razgovaram
20;Žensko;Svakodnevno;3h i više ;2;Instagram;Neutralno;2;3;4;Ne;Da;Često razgovaram 
16;Žensko;Svakodnevno;3h i više ;2;Instagram;Negativno;5;5;2;Ne;Da;Često razgovaram 
19;Žensko;Svakodnevno;Između 2-3h;4;Instagram;Pozitivno;1;2;1;Da;Ne;Često razgovaram 
23;Žensko;Svakodnevno;3h i više ;3;Instagram;Neutralno;2;2;3;Ne;Da;Veoma malo razgovaram
16;Žensko;Svakodnevno;Između 2-3h;3;Instagram;Neutralno;4;3;5;Da;Da;Veoma malo razgovaram
19;Žensko;Svakodnevno;3h i više ;3;Instagram;Neutralno;3;1;2;Da;Da;Ponekad
20;Žensko;Svakodnevno;3h i više ;4;Instagram;Neutralno;3;3;4;Da;Ne;Često razgovaram 
20;Žensko;Svakodnevno;Između 1h-2h;3;Instagram;Neutralno;3;2;3;Ne;Da;Ponekad
19;Muško;Svakodnevno;Između 1h-2h;4;Instagram;Neutralno;2;1;1;Ne;Ne;Ne razgovaram uopšte
21;Žensko;Svakodnevno;Između 2-3h;4;WhatsApp;Negativno;2;4;5;Da;Ne;Ponekad
20;Muško;Svakodnevno;3h i više ;3;Instagram;Neutralno;4;2;4;Da;Da;Veoma malo razgovaram
20;Žensko;Svakodnevno;3h i više ;2;Instagram;Negativno;4;5;5;Da;Da;Često razgovaram 
20;Muško;Svakodnevno;Između 1h-2h;1;Instagram;Neutralno;1;1;4;Da;Ne;Ponekad
20;Žensko;Svakodnevno;3h i više ;3;Instagram;Negativno;1;3;2;Da;Da;Veoma malo razgovaram
19;Muško;Svakodnevno;3h i više ;4;Instagram;Neutralno;1;2;1;Da;Ne;Veoma malo razgovaram
20;Muško;Svakodnevno;Između 2-3h;3;WhatsApp;Neutralno;3;3;3;Ne;Da;Ponekad
20;Muško;Svakodnevno;Između 2-3h;1;Facebook;Pozitivno;2;4;3;Da;Da;Ne razgovaram uopšte
19;Žensko;Svakodnevno;Između 2-3h;3;WhatsApp;Neutralno;2;2;3;Da;Ne;Često razgovaram 
20;Muško;Svakodnevno;3h i više ;3;Instagram;Neutralno;3;2;3;Ne;Ne;Veoma malo razgovaram
19;Žensko;Svakodnevno;3h i više ;4;Instagram;Neutralno;2;2;5;Da;Da;Ponekad
20;Muško;Svakodnevno;Između 1h-2h;2;WhatsApp;Neutralno;3;3;5;Da;Da;Ne razgovaram uopšte
20;Muško;Svakodnevno;Između 1h-2h;2;Instagram;Negativno;3;2;3;Da;Da;Ponekad
20;Žensko;Svakodnevno;3h i više ;4;Instagram;Negativno;3;5;3;Ne;Da;Ponekad
19;Žensko;Svakodnevno;3h i više ;4;WhatsApp;Neutralno;3;4;4;Ne;Da;Često razgovaram 
38;Muško;Nekoliko puta sedmično;Manje od 1h;2;Facebook;Neutralno;1;3;5;Da;Da;Ponekad
13;Žensko;Svakodnevno;Između 1h-2h;4;Snapchat;Neutralno;2;1;2;Da;Da;Veoma malo razgovaram
43;Žensko;Svakodnevno;Između 1h-2h;3;Instagram;Neutralno;3;5;3;Ne;Ne;Ponekad
19;Žensko;Svakodnevno;Između 2-3h;2;Instagram;Neutralno;3;1;3;Da;Ne;Veoma malo razgovaram
 33;Muško;Svakodnevno;Između 1h-2h;2;Instagram;Negativno;1;3;3;Da;Da;Ponekad
19;Žensko;Svakodnevno;Između 2-3h;3;Instagram;Negativno;3;4;4;Ne;Ne;Veoma malo razgovaram
19;Žensko;Svakodnevno;3h i više ;3;WhatsApp;Negativno;5;4;2;Da;Da;Veoma malo razgovaram
45;Muško;Svakodnevno;Manje od 1h;3;WhatsApp;Negativno;2;4;3;Da;Da;Ponekad
54;Muško;Rijetko ;Manje od 1h;1;Aplikacije za edukativne svrhe;Neutralno;1;1;4;Ne;Ne;Razgovaram u velikoj mjeri 
31;Žensko;Svakodnevno;3h i više ;4;Instagram;Negativno;4;4;3;Da;Ne;Često razgovaram 
30;Muško;Rijetko ;Manje od 1h;1;Aplikacije za edukativne svrhe;Neutralno;1;1;1;Da;Ne;Razgovaram u velikoj mjeri 
40;Muško;Svakodnevno;Između 1h-2h;2;Instagram;Neutralno;4;3;3;Ne;Da;Ponekad
42;Muško;Svakodnevno;Manje od 1h;2;Instagram;Neutralno;1;1;3;Ne;Ne;Ponekad
33;Muško;Rijetko ;Manje od 1h;4;Facebook;Neutralno;2;3;4;Ne;Ne;Ponekad
33;Žensko;Svakodnevno;3h i više ;2;Facebook;Pozitivno;4;3;2;Ne;Ne;Razgovaram u velikoj mjeri 
19;Žensko;Svakodnevno;3h i više ;3;Instagram;Neutralno;3;3;3;Ne;Da;Ponekad
20;Muško;Svakodnevno;Između 2-3h;2;Instagram;Neutralno;1;1;5;Ne;Da;Ne razgovaram uopšte
35;Žensko;Svakodnevno;Između 1h-2h;3;Facebook;Negativno;4;4;5;Da;Da;Razgovaram u velikoj mjeri 
29;Muško;Svakodnevno;Između 2-3h;3;Instagram;Neutralno;4;1;2;Da;Ne;Često razgovaram 
20;Muško;Svakodnevno;3h i više ;2;Instagram;Neutralno;4;3;4;Ne;Da;Ne razgovaram uopšte
39;Muško;Svakodnevno;Između 2-3h;2;Aplikacije za edukativne svrhe;Neutralno;3;5;3;Ne;Ne;Ponekad
30;Muško;Svakodnevno;Između 2-3h;2;Instagram;Neutralno;3;2;2;Ne;Ne;Često razgovaram 
33;Muško;Svakodnevno;Između 1h-2h;4;Twitter;Pozitivno;4;4;5;Ne;Da;Veoma malo razgovaram
20;Žensko;Svakodnevno;3h i više ;4;Instagram;Neutralno;2;1;3;Da;Da;Ne razgovaram uopšte
26;Muško;Svakodnevno;Između 2-3h;3;Instagram;Neutralno;1;3;4;Ne;Ne;Ponekad
24;Žensko;Svakodnevno;Između 2-3h;4;Instagram;Neutralno;4;4;3;Ne;Da;Ponekad
29;Muško;Svakodnevno;Manje od 1h;2;Instagram;Neutralno;1;1;3;Da;Ne;Ponekad
41;Muško;Svakodnevno;Između 1h-2h;3;Instagram;Neutralno;1;3;3;Da;Ne;Ne razgovaram uopšte
35;Žensko;Svakodnevno;Između 2-3h;2;Facebook;Pozitivno;2;4;3;Ne;Ne;Često razgovaram 
33;Muško;Svakodnevno;Između 1h-2h;2;Instagram;Negativno;2;3;3;Da;Da;Ponekad
28;Žensko;Svakodnevno;Manje od 1h;3;WhatsApp;Neutralno;1;1;5;Da;Ne;Ponekad
27;Žensko;Svakodnevno;Između 2-3h;1;Instagram;Neutralno;2;1;3;Da;Ne;Razgovaram u velikoj mjeri 
48;Žensko;Svakodnevno;Manje od 1h;2;Facebook;Neutralno;1;2;4;Ne;Ne;Često razgovaram 
